record_id,title,publication_type,date,year,venue,authors,abstract,source,full_text_available
CTX-001,Quantitative correlative SEM–EBSD analysis of precipitate–particle and precipitate–boundary interactions in Al-Mg-Si alloys,Article,Mar 2026,2026,Materials Characterization,Seyyed Ezzatollah MoosaviCyril CayronYandong Jing[...]Roland E. Logé,,uploaded context text,False
CTX-002,A quantitative study of texture evolution mechanisms in cold-rolled 6014 aluminum alloy using the viscoplastic self-consistent model with grain fragmentation,Article,Feb 2026,2026,Materials & Design,Yandong JingElisa CantergianiMiroslav Zecevic[...]Roland E. Logé,,uploaded context text,False
CTX-003,Corrigendum to “A quantitative study of texture evolution mechanisms in cold-rolled 6014 aluminum alloy using the viscoplastic self-consistent model with grain fragmentation”. [Mater. Design 263 (2026) 115635],Article,Feb 2026,2026,Materials & Design,Yandong JingElisa CantergianiMiroslav Zecevic[...]Roland E. Logé,,uploaded context text,False
CTX-004,"Compatibilities and Supercompatibility Conditions in Shape Memory Alloys Determined From Correspondence, Metrics and Symmetries",Preprint,Jan 2026,2026,,Cyril Cayron,"The phenomenological theory of martensite crystallography (PTMC) developed in the 1950’s explains the main crystallographic and microstructural features of martensite in shape memory alloys, such as the habit planes of bi-variant laminate martensite product, and the transformation twins between the variants. It also permits to determine the austeni...",uploaded context text,False
CTX-005,Sensitivity of β-Mg2Si nucleation rate to interfacial energy and temperature in an Al–Mg–Si alloy,Preprint,Jan 2026,2026,,Seyyed Ezzatollah MoosaviCyril CayronZeqin Liang[...]Roland E. Logé,"The formation of β-Mg2Si precipitates influences the microstructural evolution and, consequently, the final mechanical properties of Al–Mg–Si alloys during thermomechanical processing. Here, the sensitivity of the nucleation rate to interfacial energy and temperature is quantified within the framework of classical nucleation theory (CNT), capturing...",uploaded context text,False
CTX-006,Large scale stabilization of the BCC phase in copper-steel laser powder bed fusion enabling statistical microstructural analysis and mechanical testing,Article,Nov 2025,2025,Materials & Design,Amir Mohammad JamiliJamasp JhabvalaCyril Cayron[...]Roland E. Logé,,uploaded context text,False
CTX-007,The weak twins in martensite (as a part of the correspondence «theory»),Presentation,Sep 2025,2025,,Cyril Cayron,"The presentation explains - How to use the symmetries and the correspondence to determine the different types of twins between the martensite variants - How to calculate the ""twin"" between two variants that only linked by a 3-fold or 4-fold symmetry of the parent phase but not a 2-fold symmetry.",uploaded context text,True
CTX-008,Microstructures and outstanding mechanical properties of the 18 carat Au–Ti alloy after age-hardening,Article,Aug 2025,2025,Journal of Alloys and Compounds,Céline GuidouxCyril CayronDamien Colas[...]Roland E. Logé,,uploaded context text,False
CTX-009,"Formation mechanism and microstructural characteristics of a body-centered cubic phase in 3D printed 316L-CuCrZr multi-material structures, combining laser powder bed fusion with foils",Article,Jul 2025,2025,Scripta Materialia,Amir Mohammad JamiliIndranil BasuCyril Cayron[...]Roland E. Logé,"Additive manufacturing of 316L/CuCrZr multi-material metallic structures has recently attracted significant attention, due to the ideal combination of structural and thermal/electrical properties. In this work, a unique multi-phase microstructure was produced with a hybrid laser-powder bed fusion (L-PBF) process combining 316L steel thin foils and... a Fe-Ni-rich glass (dotted... a TEM-EDS (Kα) Ni map and Fe/Ni/Co... Solid Fe-Ni metal blebs as geothermometers a T-XFe,Ni binary phase...",uploaded context text,True
CTX-010,Pinpointing the thermal history of lunar basaltic meteorites in a nutshell,Article,May 2025,2025,,,"Pierre VonlanthenFarhang NabieiCyril Cayron[...]Philippe Gillet Native metals of igneous origin are recognized as one of the distinctive features of basalts from the Moon. Our study demonstrates that the tiny Fe-Ni metal blebs nucleated from lunar magma exhibit unanticipated, nutshell-like, crystallographic microstructures, that can be used in conjunction with local variations in chemical compositions to trace... Experimental beam profiles taken at 112 W and their corresponding phase...",uploaded context text,True
CTX-011,Toward Architected Microstructures Using Advanced Laser Beam Shaping in Laser Powder Bed Fusion of Ti‐6Al‐4V,Article,Apr 2025,2025,Advanced Functional Materials,Reza EsmaeilzadehJamasp JhabvalaLucas Schlenger[...]Roland E. Logé,"Laser Powder Bed Fusion (LPBF) stations mostly use lasers with a Gaussian beam intensity distribution, as it has advantages like small divergence and high ability to be focused. This distribution creates significant thermal gradients leading to high cooling rates, which promote the formation of an α’‐martensitic structure in Ti‐6Al‐4V. While this m...",uploaded context text,True
CTX-012,"Martensite, twins and math",Presentation,Mar 2025,2025,,Cyril Cayron,Understanding complex microstructures required crystallography and math. Two examples: martensite treated by group theory and twins treated by number theory,uploaded context text,True
CTX-013,Microstructures and Outstanding Mechanical Properties of the 18 Carat Au-Ti Alloy,Preprint,Jan 2025,2025,,Céline GuidouxCyril CayronDamien Colas[...]Roland E. Logé,,uploaded context text,False
CTX-014,Microstructures and Outstanding Mechanical Properties of the 18 Carat Au-Ti Alloy after Age-Hardening,Preprint,Jan 2025,2025,,Céline GuidouxCyril CayronDamien Colas[...]Roland E. Logé,,uploaded context text,False
CTX-015,Tailoring Mechanical Properties and Microstructures in Laser Powder Bed Fusion of 316 L Stainless Steel through Aluminium Alloying and Combined Ex-Situ and In-Situ Heat Treatments,Article,Dec 2024,2024,,,Claire NavarreCyril CayronButtard Maxence[...]Roland E. Logé,uploaded context text,False
CTX-016,Microstructure and texture evolution in laser Shock Peened martensitic NiTi shape memory alloy,Article,Dec 2024,2024,Materials & Design,Junfeng XiaoYandong JingReza Esmaeilzadeh[...]Roland E. Logé,,uploaded context text,True
CTX-017,The role of interaction work in martensite deformation,Article,Nov 2024,2024,Scripta Materialia,Junfeng XiaoCyril CayronRoland E. Logé,"This study elucidates the evolution of martensite deformation via Interaction Work (IW). The IW is the mechanical work done by external loading, assisting deformation by competing with the energy barrier. This interplay establishes the maximum IW (IW max) criterion for variant selection of different deformation modes. Considering multiple deformati...",uploaded context text,True
CTX-018,"Zircon microstructures record high temperature and pressure conditions during impact melt evolution at the West Clearwater Lake impact structure, Canada",Article,Jun 2024,2024,,,Earth and Planetary Science Letters Neeraja S. ChinchalkarGordon R. OsinskiTimmons EricksonCyril Cayron,uploaded context text,False
CTX-019,"Hard-sphere model of the B2 → B19’ phase transformation, and its application to predict the B19’ structure in NiTi alloys and the B19 structures in other binary alloys",Article,May 2024,2024,Acta Materialia,Cyril Cayron,,uploaded context text,False
CTX-020,Monitoring of laser-induced fast recrystallization in SS-316L through synchrotron X-ray diffraction,Article,Feb 2024,2024,Materials & Design,Claire NavarreSteven Van PetegemLucas Schlenger[...]Roland E. Logé,,uploaded context text,True
CTX-021,"Hard-Sphere Model of the B2 → B19’ Phase Transformation, and its Application to Predict the B19’ Structure in Niti Alloys and the B19 Structures in Other Binary Alloys",Preprint,Jan 2024,2024,,Cyril Cayron,,uploaded context text,False
CTX-022,Customized Mechanical Properties and Tailored Microstructures in Stainless Steel 316l-Aluminium Alloys Via Laser Powder Bed Fusion and Ex Situ / in Situ Heat Treatments,Preprint,Jan 2024,2024,,Claire NavarreCyril CayronMaxence Buttard[...]Roland E. Logé,,uploaded context text,False
CTX-023,A partial overview on the crystallography of martensitic transformations and twinning,Presentation,Dec 2023,2023,,Cyril Cayron,"A brief overview on the crystallography martensite and deformation twins: - Concepts: lattice distortion, orientation, correspondence, variants, PTMC, simple shear, invariant plane strain, hard-sphere, angular distortion, correspondence theory - Materials: steels, titanium alloys, NiTi shape memory alloys, magnesium.",uploaded context text,True
CTX-024,In-situ Selective Laser Heat Treatment for microstructural control of additively manufactured Ti-6Al-4V,Article,Nov 2023,2023,,,,uploaded context text,True
CTX-025,Reza EsmaeilzadehMilad Hamidi NasabCharlotte de Formanoir[...]Roland E. Logé,Article,Nov 2023,2023,Acta Materialia,Junfeng XiaoCyril CayronM. Van der MeerRoland E. Logé,,uploaded context text,True
CTX-026,Revealing the microstructure evolution of the deformed superelastic NiTi wire by EBSD,Article,Jun 2023,2023,Acta Materialia,Junfeng XiaoCyril CayronRoland E. Logé,,uploaded context text,True
CTX-027,Simple shear extrusion versus equal channel angular pressing: A comparative study on the microstructure and mechanical properties of an Mg alloy,Article,Jun 2023,2023,Journal of Magnesium and Alloys,Alireza RezaeiR. MahmudiCyril CayronRoland E. Logé,"Two severe plastic deformation (SPD) techniques of simple shear extrusion (SSE) and equal channel angular pressing (ECAP) were employed to process an extruded Mg−6Gd−3Y−1.5Ag (wt%) alloy at 553 K for 1, 2, 4 and 6 passes. The microstructural evolutions were studied by electron back scattered diffraction (EBSD) analysis and transmission electron mic...",uploaded context text,False
CTX-028,Reply to “Comment: On the nature of ‘unconventional twins’ in magnesium”,Article,Feb 2023,2023,Scripta Materialia,Cyril Cayron,"We agree with Lin et al.’s comment Lin et al.’s (2022). The interpretation we proposed to explain the twins formed in a single crystal of magnesium (Cayron and Logé, 2018) was not correct.",uploaded context text,False
CTX-029,Laser powder-bed fusion of a high entropy alloy with outstanding intrinsic mechanical properties,Article,Feb 2023,2023,Journal of Alloys and Compounds,Navid SohrabiRuoshi RanPau Ayuso Duro[...]Roland E. Logé,"In the past few years, laser powder-bed fusion (LPBF) of high entropy alloys (HEAs) has gained significant interest. We investigated a HEA (PdPtRhIrCuNi) elaborated by LPBF, and studied its microstructure and mechanical properties. This alloy has potential applications in luxury industries, as well as in medical technologies. The microstructure con...",uploaded context text,True
CTX-030,Response of magnesium microcrystals to c-axis compression and contraction loadings at low and high strain rates,Article,Feb 2023,2023,Acta Materialia,Nicolo Maria della VenturaAmit SharmaCyril Cayron[...]Xavier Maeder,,uploaded context text,True
CTX-031,Monitoring of Laser-Induced Fast Recrystallization in Ss-316l Through Synchrotron X-Ray Diffraction,Preprint,Jan 2023,2023,,Claire NavarreSteven Van PetegemLucas Schlenger[...]Roland E. Logé,,uploaded context text,False
CTX-032,An investigation on reorientation and textural evolution in a martensitic NiTi rolled sheet using EBSD,Article,Oct 2022,2022,International Journal of Plasticity,Junfeng XiaoCyril CayronRoland E. Logé,"Variant reorientation is a ubiquitous phenomenon in shape memory alloys and has a great influence on their texture and mechanical response. In the present study, a martensitic NiTi rolled sheet is investigated by the electron backscattering diffraction (EBSD) technique; the variant reorientation and texture evolution are followed during bending. Th...",uploaded context text,True
CTX-033,Thermally Controlled Growth of Photoactive FAPbI 3 Films for Highly Stable Perovskite Solar Cells,Article,Sep 2022,2022,,,Energy & Environmental Science Sandy SanchezStefania CacovichGuillaume Vidon[...]Michael Grätzel We employ flash infrared annealing to investigate the phase transition of formamidinium lead triiodide (FAPbI3) thin films for their solar cell applications. Measuring the enthalpy changes of the FAPbI3 composition at different heating rates allows us to calculate an activation energy of 1.8 eV for the black perovskite phase transition. We explore...,uploaded context text,False
CTX-034,Order-driven evolution of precipitates in Al-Mg-Si-Cu alloys: from past to future research,Presentation,Sep 2022,2022,,Cyril Cayron,"To find the best Cu % and Mg/Si ratio and optimize the heat treatments in 6xxx alloys, we need to answer the following questions: What are the crystallographic structures of the nano-precipitates? What is their precipitation sequence? Do they dissolve to re-precipitate in other forms or do they ""evolve"" during their growth? The aim of the presentat...",uploaded context text,True
CTX-035,The concept of axial weak twins,Article,Sep 2022,2022,Acta Materialia,Cyril Cayron,"It is generally assumed that the parent-twin interface is a fully invariant plane. The calculations of the rational interfaces of the type I twins and irrational interfaces of the type II twins are based on this hypothesis. Recently, some asymmetric facets and unconventional twins have been observed in magnesium that do not agree with this paradigm... γ′ particles in specimens (high-magnification SEM images of specimens)... a TEM and b HRTEM images of the γ/γ′ phases in the specimen with 14 at.% Cr",uploaded context text,False
CTX-036,Effect of chromium content on microstructural evolution of CoNiAlW superalloy,Article,Aug 2022,2022,,,"Aliakbar Fallah SheykhlariHossein ArabiSeyed Mohammad Ali BoutorabiCyril Cayron Effects of chromium (Cr) content on types and morphologies of various phases of a newly developed Co–Ni–Al–W superalloy (Co-30Ni-6W-9Al-3Ti-1Ta) have been investigated in this study. Microstructural examinations were carried out by field-emission scanning electron microscope (FESEM), electron backscatter diffraction (EBSD), high-resolution transmis...",uploaded context text,True
CTX-037,A method to reduce N-dimensional lattices and solve N-dimensional Bézout's identities (25 slides),Presentation,May 2022,2022,,Cyril Cayron,"Given N integers a,b,c.... find other small integers such that au + bv + cw + .. = 1 (Bézout's identity), and find also other small integers such that au + bv + cw +... = 0 (integer relation). Not so easy ! This presentation explains how lattices can be reduced by hyperplane shearing and how this method can be used to find solutions to Bézout's ide...",uploaded context text,True
CTX-038,"The correspondence theory of martensitic transformations (mp4, 27 min, 122MB, ICOMAT 2022)",Presentation,Apr 2022,2022,,Cyril Cayron,"The correspondence theory explains why the junction planes of type I twin between the martensite variants are generic rational planes, and why the 180° rotation axes of the type II twins are generic rational directions, and how they can be easily calculated from the correspondence matrix and the symmetry matrices of the parent phase. The lattice pa...",uploaded context text,True
CTX-039,Hot rocks: Constraining the thermal conditions of the Mistastin Lake impact melt deposits using zircon grain microstructures,Article,Apr 2022,2022,,,"Earth and Planetary Science Letters Gavin TolomettiTimmons EricksonGordon R. Osinski[...]C.D. Neish The production of superheated melt during hypervelocity impact events has been proposed to be a common occurrence on terrestrial planetary bodies. Recent direct evidence of superheated impact melt temperatures exceeding >2370°C from the Kamestastin (Mistastin Lake) impact structure, Canada, was based on a single impact glass sample. Such high super...",uploaded context text,False
CTX-040,Evolution of deformation twinning mechanisms in magnesium from low to high strain rates,Article,Apr 2022,2022,Materials & Design,Nicolo della VenturaAmit SharmaManish Jain[...]Xavier Maeder,"We present a systematic investigation of {101¯2} extension twinning mechanism in single crystal magnesium micropillars deformed over seven orders of magnitude of strain rate, from 10–4 to 500 s⁻¹, revealing how the accommodation of newly formed twins evolves with and depends on the kinetic compatibility of interfacial processes when high deformatio...",uploaded context text,True
CTX-041,The correspondence theory of martensitic transformations in 28 slides,Presentation,Feb 2022,2022,,Cyril Cayron,The is an extended version of a presentation that will be given at ICOMAT 2022 in March 2022. It gives the details of a new approach of the crystallography of martensite transformations. The twins between the variants are deduced from the parent symmetries that constitute the inter-correspondence operators. The relative roles of symmetries and metr...,uploaded context text,True
CTX-042,The Correspondence Theory and Its Application to NiTi Shape Memory Alloys,Article,Jan 2022,2022,Crystals,Cyril Cayron,"Martensite crystallography is usually described by the phenomenological theory of martensite crystallography (PTMC). This theory relies on stretch matrices and compatibility equations, but it does not give a global view on the structures of variants, and it masks the relative roles of the symmetries and metrics. Here, we propose an alternative theo...",uploaded context text,True
CTX-043,Understanding variant selection and texture in additively manufactured red-gold alloys,Article,Jan 2022,2022,Scripta Materialia,Hossein Ghasemi TabasiMargaux N. D. LarcherCyril Cayron[...]Roland E. Logé,"Printing gold alloys parts is a challenge due to the high reflectivity and thermal conductivity of these materials. Recent studies show an improvement in printing gold using the Laser Powder Bed Fusion (LPBF) process; however, the impact of the A1→L10 phase transformation on printed red-gold alloy has not been studied. In this work, 3D printed red-... Example of the LLL algorithm with a matrix representing a list of 20... Cubification by method 1 of the lattice of Fig. 1(a). The vectors are...",uploaded context text,True
CTX-044,A new method for lattice reduction using directional and hyperplanar shearing,Article,Jan 2022,2022,Acta Crystallographica Section A: Foundations and Advances,Cyril Cayron,A geometric method of lattice reduction based on cycles of directional and hyperplanar shears is presented. The deviation from cubicity at each step of the reduction is evaluated by a parameter called ‘basis rhombicity’ which is the sum of the absolute values of the elements of the metric tensor associated with the basis. The levels of reduction ar...,uploaded context text,True
CTX-045,Evolution of Deformation Twinning Mechanisms in Magnesium from Low to High Strain Rates,Article,Jan 2022,2022,SSRN Electronic Journal,Nicolo della VenturaAmit SharmaManish Jain[...]Xavier Maeder,,uploaded context text,False
CTX-046,The Concept of Axial Weak Twins,Article,Jan 2022,2022,SSRN Electronic Journal,Cyril Cayron,,uploaded context text,False
CTX-047,Response of Magnesium Microcrystals to C-Axis Compression and Contraction Loadings at Low and High Strain Rates,Article,Jan 2022,2022,SSRN Electronic Journal,Nicolo Maria della VenturaAmit SharmaCyril Cayron[...]Xavier Maeder,,uploaded context text,False
CTX-048,Persistence of variant selection in red gold alloys,Article,Dec 2021,2021,Journal of Alloys and Compounds,Margaux N. D. LarcherCyril CayronAndreas Blatter[...]Roland E. Logé,"Recently, a new thermally activated distortion with amplification (TADA) effect has been reported in red gold alloys caused by the A1 → L10 phase transformation. The macroscopic amplification is due to the persistence of variant selection nucleated under stress but growing in stress-free condition. In this work, we show that the TADA effect can gen...",uploaded context text,False
CTX-049,Micro-addition of Fe in highly alloyed Cu-Ti alloys to improve both formability and strength,Article,Dec 2021,2021,Materials & Design,Baptiste RouxelCyril CayronJulien Bornand[...]Roland E. Logé,"Cu-Be alloys provide excellent electrical and mechanical properties, but present serious health hazards during manufacturing. Among alternative alloys, the Cu-Ti system has the highest yield strength; however, Ti cannot be easily solutionized at concentrations above 4 wt%, resulting in a relatively low formability. In this study, Cu-xTi-yFe (x = 3,...",uploaded context text,True
CTX-050,"Reply to “Response to “Diffraction artefacts from twins and stacking faults, and the mirage of hexagonal, polytypes or other superstructures""”",Article,Oct 2021,2021,Scripta Materialia,Cyril Cayron,We reaffirm that the high-resolution electron microscopy image used by Jenkins and Smith as a proof of the existence of a 9R structure of the Cu nanoprecipitates in iron alloy results from a moiré effect. The herringbone motif in the image can be interpreted as an interference between the body centred cubic lattice of iron and the same lattice cont...,uploaded context text,False
CTX-051,A fast algorithm to find reduced hyperplane unit cells and solve N-dimensional Bézout’s identities,Article,Aug 2021,2021,Acta Crystallographica Section A: Foundations and Advances,Cyril Cayron,"Deformation twinning on a plane is a simple shear that transforms a unit cell attached to the plane into another unit cell equivalent by mirror symmetry or 180° rotation. Thus, crystallographic models of twinning require the determination of the short unit cells attached to the planes, or hyperplanes for dimensions higher than 3. Here, a method is...",uploaded context text,True
CTX-052,Deciphering extreme mineral records; microstructural phase heritage of shocked materials,Article,Aug 2021,2021,Microscopy and Microanalysis,Timmons EricksonNicholas TimmsAaron J. Cavosie[...]Cyril Cayron,,uploaded context text,True
CTX-053,Microstructural evolution and superplastic behavior of a fine-grained Mg−Gd−Y−Ag alloy processed by simple shear extrusion,Article,Jan 2021,2021,Materials Science and Engineering A,Alireza RezaeiR. MahmudiCyril CayronRoland E. Logé,Two magnesium alloys with the nominal compositions of Mg−6Gd−3Y (GW63) and Mg−6Gd−3Y−1Ag (GW63−1Ag) were hot extruded and then processed by 6 passes of the simple shear extrusion (SSE) process at 553 K. Both SEM and EBSD studies confirmed the mean grain size reduction of the extruded base GW63 alloy from 10.1 to 2.9 μm by adding 1 wt% Ag. This decr...,uploaded context text,False
CTX-054,Superplastic behavior of a severely deformed Mg–6Gd−3Y−0.5Ag alloy,Article,Jan 2021,2021,Materials Science and Engineering A,Alireza RezaeiR. MahmudiCyril CayronRoland E. Logé,"An extruded Mg–6Gd−3Y−0.5Ag magnesium alloy was processed by the simple shear extrusion (SSE) technique at 553 K for 1, 2, 4 and 6 passes to refine the microstructure. The electron back scattered diffraction (EBSD) analysis was used to investigate the microstructural evolutions of the alloy after the SSE processing. The grain orientation spread (GO...",uploaded context text,False
CTX-055,Lattice reduction by cubification,Preprint,Jan 2021,2021,,Cyril Cayron,"Lattice reduction is a NP-hard problem well known in computer science and cryptography. The Lenstra-Lenstra-Lovasz (LLL) algorithm based on the calculation of orthogonal Gram-Schmidt (GS) bases is efficient and gives a good solution in polynomial time. Here, we present a new approach called cubification that does not require the calculation of the...",uploaded context text,True
CTX-056,A fast algorithm to find reduced hyperplane unit cells and solve N- dimensional Bézout's identities,Preprint,Jan 2021,2021,,Cyril Cayron,"The paper explains the method to determine a short unit cell attached to any hyperplane given by its integer vector p. Equivalently, it gives all the solutions of the N-dimensional Bézout's identity associated with the coordinates of p.",uploaded context text,True
CTX-057,Formation Mechanism of Laves Phase with Two Morphologies in a Novel 9Cr-3W-3Co-1CuVNbB Steel During Creep Process,Article,Jan 2021,2021,SSRN Electronic Journal,B. XiaoHaokai DongTao Yang[...]Lianyong Xu,,uploaded context text,False
CTX-058,Unconventional Deformation Twinning Mechanisms in Magnesium at High Strain Rates,Article,Jan 2021,2021,SSRN Electronic Journal,Nicolo della VenturaAmit SharmaManish Jain[...]Xavier Maeder,,uploaded context text,False
CTX-059,"Diffraction artefacts from twins and stacking faults, and the mirage of hexagonal, polytypes or other superstructures",Article,Nov 2020,2020,Scripta Materialia,Cyril Cayron,"Recently, a hexagonal phase has been reported in high carbon steels in several studies. Here, we show that the electron microscopy results used in these studies were erroneously interpreted. The extra-spots in the diffraction patterns and the odd contrasts in the high resolution images are not those a superstructure but result from double diffracti...",uploaded context text,True
CTX-060,Axial heterotwins,Preprint,Nov 2020,2020,,Cyril Cayron,,uploaded context text,True
CTX-061,The current theory of twin crystallography is based on the concept of invariant plane. The present paper extends the theory to encompass the cases of heterotwins in which the composition plane is only quasi-invariant.,Conference Paper,Nov 2020,2020,,Margaux N. D. LarcherCyril CayronAndreas Blatter[...]Roland E. Logé,,uploaded context text,True
CTX-062,The B2-B19’ orientation relationships and their continuums revealed by EBSD and TKD observations of NiTi alloys,Conference Paper,Nov 2020,2020,,Cyril Cayron,"Stable at ambient conditions,... Pb–Pb data generated by SIMS analysis of the large reversion twinned...",uploaded context text,False
CTX-063,"Evidence of extensive lunar crust formation in impact melt sheets 4,330 Myr ago",Article,Oct 2020,2020,,,"Lee WhiteAna CernokJames Darling[...]Mahesh Anand Accurately constraining the formation and evolution of the lunar magnesian suite is key to understanding the earliest periods of magmatic crustal building that followed accretion and primordial differentiation of the Moon. However, the origin and evolution of these unique rocks is highly debated. Here, we report on the microstructural characterizat... Diagram of the SPS joining orientation according to the sample orientation.",uploaded context text,True
CTX-064,Joining of Oxide Dispersion-Strengthened Steel Using Spark Plasma Sintering,Article,Aug 2020,2020,Metals,Foad NaimiJean-Claude NiepceMostapha Ariane[...]Frédéric Bernard,"Difficulties with joining oxide dispersion-strengthened (ODS) steels using classical welding processes have led to the development of alternative joining techniques such as spark plasma sintering (SPS). SPS, which is classically employed for performing sintering, may also be used to join relatively large components due to the simultaneous applicati...",uploaded context text,True
CTX-065,The Thermally Activated Distortion with Amplification Effect and related variant selection in red gold alloys,Article,Aug 2020,2020,Acta Materialia,Margaux N. D. LarcherCyril CayronAndreas Blatter[...]Roland E. Logé,Variant selection during the A1→L10 transformation in a polycrystalline red gold alloy close to equiatomic Au-Cu composition has been extensively studied by Electron Back Scattered Diffraction (EBSD) in our previous work. The use of a mathematical description of the lattice distortion and the maximal work criterion allowed us to quantify the degree...,uploaded context text,True
CTX-066,What EBSD and TKD Tell Us about the Crystallography of the Martensitic B2-B19 Transformation in NiTi Shape Memory Alloys,Article,Jul 2020,2020,Crystals,Cyril Cayron,"The complex and intricate microstructure of B19' martensite in shape memory nickel titanium alloys is generally explained with the Phenomenological Theory of Martensitic Crystallography (PTMC). Over the last decade, we have developed an alternative approach that supposes the existence of a ""natural"" parent-daughter orientation relationship (OR). As...",uploaded context text,True
CTX-067,Solute-dislocation interactions and creep-enhanced Cu precipitation in a novel ferritic-martensitic steel,Article,May 2020,2020,Acta Materialia,B. XiaoLianyong XuCyril Cayron[...]Roland E. Logé,"G115 steel has gained a growing interesting recently for its use in next-generation ultra-supercritical power plant applications. Due to the high densities of dislocations and lath martensite boundaries in G115 steel, interactions between solutes and dislocations result in unique microstructural evolution during creep with the formation of dense Cu...",uploaded context text,False
CTX-068,A simple example to show that there is no need of Lagrange multipliers to solve a constrained optimization problem.,Presentation,Apr 2020,2020,,Cyril Cayron,"This presentation just aims at promoting a method that could be useful. As the manuscript in Arxviv (under review) seems not so easy to read, I decided to explain the method with 11 slides (among which 4 are reminder about matrices and determinants).",uploaded context text,True
CTX-069,van der Waals Epitaxy of Earth-Abundant Zn3P2 on Graphene for Photovoltaics,Article,Apr 2020,2020,,,"Rajrupa PaulNicolas HumblotSimon Escobar Steinvall[...]Anna Fontcuberta i Morral Earth-abundant semiconducting materials are a potential solution for large-scale deployment of solar cells at a lower cost. Zinc phosphide (Zn3P2) is one such Earth-abundant material with optoelectronic properties suitable for photovoltaics. Herein, we report the van der Waals epitaxy of tetragonal Zn3P2 (α-Zn3P2) on graphene using molecular beam e...",uploaded context text,True
CTX-070,Solving constrained optimization problems without Lagrange multipliers,Preprint,Mar 2020,2020,,Cyril Cayron,"Constrained optimization problems exist in all the domain of science, such as thermodynamics, mechanics, economics etc. For more than two centuries, these problems have been solved with the help of the Lagrange multipliers and the Lagrangian function. This method has however the disadvantage that it adds the number of constraint equations to the di... Scheme showing a flat view of the K plane and explaining why the shear... Conjugate twins. The 2D rectangular twins are defined by K1 = (−1, 1),...",uploaded context text,True
CTX-071,Complements to Mügge and Friedel’s Theory of Twinning,Article,Feb 2020,2020,Metals,Cyril Cayron,"The crystallography of twinning is based on the concepts of simple shear and obliquity introduced by Mügge, Mallard and Friedel at the turn of the last century, with tensor mathematics later developed by Bilby, Bevis and Crocker in the 1960s. We propose a synthesis of these works by writing the three transformations (distortion, orientation and cor...",uploaded context text,True
CTX-072,Solute-Dislocation Interactions and Creep-Enhanced Cu Precipitation in a Novel Ferritic-Martensitic Steel,Article,Jan 2020,2020,SSRN Electronic Journal,B. XiaoLianyong XuCyril Cayron[...]Roland E. Logé,,uploaded context text,False
CTX-073,"Diffraction Artefacts from Twins and Stacking Faults, and the Mirage of Hexagonal, Polytypes or Other Supersuperstructures",Article,Jan 2020,2020,SSRN Electronic Journal,,,uploaded context text,False
CTX-074,Electron backscatter diffraction study of variant selection during ordering phase transformation in L10-type red gold alloy,Article,Oct 2019,2019,Journal of Applied Crystallography,Margaux N. D. LarcherCyril CayronAndreas Blatter[...]Roland E. Logé,"A shape-memory effect is known to appear in red gold alloys with compositions close to Au–Cu. The aim of this paper is to study by electron backscatter diffraction (EBSD) the variant selection in the A1 → L10 transformation occurring under stress, in bending conditions. The L10 domains are successfully identified by this technique despite the c/a r...",uploaded context text,True
CTX-075,"The transformation matrices (distortion, orientation, correspondence), their continuous forms and their variants. Corrigenda",Article,Aug 2019,2019,Acta Crystallographica Section A: Foundations and Advances,Cyril Cayron,"Appendices B4 and B5 of Cayron [Acta Cryst. (2019), A75, 411–437] contain equations involving the point group and the metric tensor in which the equality symbol should be substituted by the inclusion symbol.",uploaded context text,True
CTX-076,On the chevron morphology of surface martensite,Article,Aug 2019,2019,Acta Materialia,Annick BaurCyril CayronRoland E. Logé,"It is established that the annealing twin boundaries of austenite act as nucleation sites for the martensitic transformation. In the present study, we observe that in surface martensite the transformation only takes place for twin boundaries that are approximately vertical in respect with the sample free surface. This phenomenon is shown to be rela...",uploaded context text,True
CTX-077,"Reversing the way of thinking deformation twinnning, and the unconventional twin in a single crystal of magnesium",Presentation,Jul 2019,2019,,Cyril CayronRoland E. Logé,"Deformation twinning is assumed to be a simple shear. The associated mechanism is often described in term of disconnections. Within this paradigm, many funadmental questions remain unsoved. We propose to imagine deformation twinning as a phase transformation (driven by stress), without imposing the simple strain condition to the atomic displacement...",uploaded context text,True
CTX-078,Effect of tensile deformation on variant selection in {225}γ plate martensite and {557}γ lath martensite,Article,Jul 2019,2019,Results in Materials,Annick BaurCyril CayronRoland E. Logé,"The effect of tensile deformation on variant selection has been studied in {225}γ plate martensite and {557}γ lath martensite formed in high- and low-carbon steels, respectively. Different thermomechanical treatments are performed to analyse the effect of applied tensile stress, in the elastic and plastic range and the effect of prior plastic tensi...",uploaded context text,True
CTX-079,"Shock-produced high-pressure (La, Ce, Th)PO4 polymorph revealed by microstructural phase heritage of monazite",Article,Apr 2019,2019,Geology,Timmons EricksonNicholas TimmsMark Alan Pearce[...]David A. Kring,The difference between the stretch matrix and the correspondence matrix... Derivative of a continuous distortion matrix F(θ). The parameters θs... A simple 2D case of continuous deformation twinning of a p2mm α phase... The square p4mm (γ) → square p4mm (α) transformation with Σ1... The square p4mm (γ) → square p4mm (α) transformation with Σ1...,uploaded context text,False
CTX-080,"The transformation matrices (distortion, orientation, correspondence), their continuous forms and their variants",Article,Apr 2019,2019,Acta Crystallographica Section A: Foundations and Advances,Cyril Cayron,"The crystallography of displacive/martensitic phase transformations can be described with three types of matrix: the lattice distortion matrix, the orientation relationship matrix and the correspondence matrix. Given here are some formulae to express them in crystallographic, orthonormal and reciprocal bases, and an explanation is offered of how to...",uploaded context text,True
CTX-081,Effect of powder characteristics and oxygen content on modifications to the microstructural topology during hot isostatic pressing of an austenitic steel,Article,Apr 2019,2019,Acta Materialia,S. IrukuvarghulaHany HassaninCyril Cayron[...]Michael Preuss,"The effect of powder size distribution and oxygen content on the extent of multiple twinning and spatial distribution of oxide inclusions in hot isostatic pressed (HIPed)316L steels was investigated using powders with different characteristics. Modifications to, and differences in their microstructural topology, were tracked quantitatively by evalu...",uploaded context text,False
CTX-082,Microstructures and Properties of Martensitic Materials,Article,Mar 2019,2019,Crystals,Cyril Cayron,"Martensite, initially named in honor of Adolph Martens and his pioneering work in metallography and microstructures at the end of the 19th century, has now a far broader meaning than previously used [...]",uploaded context text,True
CTX-083,Experimental and theoretical investigation of crystallography and variant selection during massive transformation in Zr alloy,Article,Feb 2019,2019,,,"J.M. WangB.F. LuanRenlong Xin[...]Q. Liu Massive transformation, as a non-conventional solid-state phase transformation mode, is scarcely observed in metals with hexagonal closed packed (HCP) structure, especially in Zr and its alloys. In this study, however, we report the massive transformation in a Zr-1.0Cr-0.4Fe alloy after conventional β-quenching. It is shown that the necessary condi...",uploaded context text,False
CTX-084,Study on Bainite/Martensite Transformation in Reheated Weld Metals,Article,Dec 2018,2018,Materials Science Forum,Gaojun MaoCyril CayronRui CAO[...]Jian Hong Chen,"A new combination of laser scanning confocal microscope (LSCM) and electron backscattering diffraction (EBSD) with a field-emission scanning electron microscope (SEM) is utilized to study the mechanism of bainite transformation in reheated low carbon bainitic weld metal. The LSCM observations show that laths grow on the surface at various rates, fr...",uploaded context text,True
CTX-085,Variant Selection in Fe-20Ni-1.8C under Bending,Article,Dec 2018,2018,Crystals,Annick BaurCyril CayronRoland E. Logé,"Variant selection is commonly observed in martensitic steels when a stress is applied to the material during transformation. Classically, the selection phenomenon is modelled considering the work of the shape strain in the applied stress field. This shape strain is generally calculated by using the Phenomenological Theory of the Martensite Crystall...",uploaded context text,True
CTX-086,Morphological and Crystallographic Characteristics of α Structure in a Low-Carbon Iron–Nickel Alloy,Article,Dec 2018,2018,Crystals,Gaojun MaoCyril CayronXiuli Mao[...]Jianhong Chen,"The features of α (body-centered cubic) structures were investigated in a low-carbon multicomponent alloy from morphological and crystallographic perspectives. In addition to apparent features of granular bainite and lamellar martensite, a morphological similarity can be found between lath martensite and lath bainite. Therefore, it is of interest t...",uploaded context text,True
CTX-087,Effect of cooling conditions on microstructures and mechanical behaviors of reheated low-carbon weld metals,Article,Dec 2018,2018,Materials Science and Engineering A,Gaojun MaoRui CAOCyril Cayron[...]Jianhong Chen,"An investigation was conducted to systematically explore the relationships among microstructure evolution, continuous cooling transformation kinetics, and mechanical properties development in a low-carbon reheated weld metal (0.052C-1.5Mn-0.3Si-0.7Cr-0.8Mo-0.014Ti-0.004V-4Ni, wt.%). Microstructure was characterized by optical microscopy, scanning e...",uploaded context text,False
CTX-088,"The transformation matrices (distortion, orientation, correspondence), their continuous forms, and their variants",Preprint,Oct 2018,2018,,Cyril Cayron,"The crystallography of displacive phase transformations can be described with three types of matrices: the lattice distortion matrix, the orientation relationship matrix, and the correspondence matrix. The paper gives some formula to express them in crystallographic bases, orthonormal bases, and reciprocal bases, and it explains how to use them to...",uploaded context text,True
CTX-089,The relationship between low-temperature toughness and secondary crack in low-carbon bainitic weld metals,Article,Sep 2018,2018,Materials Characterization,Gaojun MaoCyril CayronRui CAO[...]Jianhong Chen,,uploaded context text,True
CTX-090,The ordering mechanisms during precipitation in AlMgSiCu alloys twenty years after their discovery,Poster,Jul 2018,2018,,Cyril Cayron,"In the 1990s, precipitation in AlMgSiCu alloys was like a zoo of metastable phases with the usual beta” and beta’, but also the type-A, type-B and type-C reported by Matsuda, and the L and Q’ phases in alloys containing copper. All appear in TEM as nanometric rods or laths along the <100>Al directions. No crystallographic link between them was esta...",uploaded context text,True
CTX-091,Study on bainite/martensite transformation in reheated weld metals,Poster,Jul 2018,2018,,Gaojun MaoCyril CayronRui CAO[...]Jianhong Chen,"and zchen@lut.cn 2. Experiments One low-carbon high alloy weld metal was selected to in-situ observe the morphology change of surface bainite during isothermal holding by laser scanning confocal microscope (LSCM), and the other was put into furnace and then suffered from water quenching to obtain martensite. The first confocal sample was cut in to...",uploaded context text,True
CTX-092,Baddeleyite as a widespread and sensitive indicator of meteorite bombardment in planetary crusts,Article,Jul 2018,2018,Geology,Lee WhiteJames DarlingD.E. Moser[...]Kimberly T. Tait,"Constraining the timing and intensity of Solar System bombardment is critical to understanding planetary formation, evolution and habitability. However, the identification and dating of shockmetamorphic events in the mafic igneous lithologies that dominate planetary materials remains highly challenging, particularly at relatively modest shock press...",uploaded context text,False
CTX-093,Microstructural evolution and mechanical property development with nickel addition in low-carbon weld butt joints,Article,Jul 2018,2018,Journal of Materials Processing Technology,Gaojun MaoRui CAOCyril Cayron[...]Jianhong Chen,"Four metal powder flux-cored wires with added nickel (Ni) were designed to systematically investigate how Ni influences the microstructure and toughness in low-carbon bainitic weld metals (WMs). The microstructure was safely predicted by utilizing reasonable welding craft parameters (i.e., appropriate heat input and proper interpass temperature). M...",uploaded context text,False
CTX-094,Evidence of new twinning modes in magnesium questioning the shear paradigm,Article,May 2018,2018,Journal of Applied Crystallography,Cyril CayronRoland E. Logé,Twinning is an important deformation mode of hexagonal close-packed metals. The crystallographic theory is based on the 150-year-old concept of simple shear. The habit plane of the twin is the shear plane; it is invariant. This article presents electron backscatter diffraction observations and crystallographic analysis of a millimetre-size twin in...,uploaded context text,True
CTX-095,Intricate morphologies of laths and blocks in low-carbon martensitic steels,Article,May 2018,2018,Materials & Design,Cyril CayronAnnick BaurRoland E. Logé,"Low-carbon martensitic steels are made of intricate assemblies of martensitic laths: the twenty-four lath variants are grouped into packets on the four {111}fcc planes, and each packet is composed of three blocks of pairs of low-misoriented variants. The orientation relationship between the laths and their parent austenitic grains ranges from Kurdj...",uploaded context text,False
CTX-096,Shifting the Shear Paradigm in the Crystallographic Models of Displacive Transformations in Metals and Alloys,Article,Apr 2018,2018,Crystals,Cyril Cayron,"Deformation twinning and martensitic transformations are characterized by the collective displacements of atoms, an orientation relationship, and specific morphologies. The current crystallographic models are based on the 150-year-old concept of shear. Simple shear is a deformation mode at constant volume, relevant for deformation twinning. For mar...",uploaded context text,True
CTX-097,Where do the twinning dislocation come from?,Question,Jun 2020,2020,,,"The twinning dislocations, also called disconnections, are supposed to explain the formation of mechanical twins and martensite. The typical example is the hcp martensite formed from fcc austenite by the coordinate displacements of regularly spaced 1/6 <112> Shockley partial dislocations on {111} planes. In order to explain the origin of these dislocations, some scientists imagined a pole mechanism in which a unique dislocation would spiral around a “pole”. To my knowledge, this mechanism could not be confirmed by TEM. Then, it seems that the question was just forgotten whereas the theory of twinning dislocation has remained. My idea is that actually it is the twin or the martensite itself that produce the dislocations to accommodate the incompatibilities with the surrounding matrix, but that means that dislocations cannot explain the twin or the martensite formation because a phenomena cannot be explained by its consequence. I am ready to change my mind if anyone can reply to the question: where the twinning dislocations come from? Some TEM images showing the sources of twinning dislocations would be welcome.",uploaded context text,False
CTX-098,Do low-Sigma CSL boundaries really exist in polycrystalline materials?,Question,Jun 2020,2020,,,"Grain boundary engineering is a concept developed in the 1980-1990s that would like to increase materials properties by increasing the fraction of coincidence site lattice (CSL) boundaries with low sigma values (typically <30). However, after 20 years of EBSD on many different materials I never encountered a polycrystalline material that would exhibit a fraction of Sigma5, Sigma 7, Sigma 11, Sigma13, or Sigma15, with a frequency higher than random (ie higher than Mackenzie distribution). I conclude that the concept of low-CSL networks and related percolation theory promoted is actually not relevant for most of the metallurgical alloys. The only special boundaries are Sigma3n (Sigma3, Sigma9, etc) in low stacking fault metals, and for sure such materials have special properties thanks to their large twin related domains (and not because of an hypothetical network of low CSL). Could anyone show me an EBSD map of a polycrystalline material with high frequencies of low Sigma CSL that are not 3, 9 or 27? It would help me to change my mind. Institute of Physics, Academy of Sciences of the Czech Republic, Prague, Czech Republic Czech Academy of Sciences, Institute of Physics of Materials FZU ‒ Institute of Physics of the Academy of Sciences of the Czech Republic Karlsruhe Institute of Technology Norwegian University of Science and Technology (NTNU) Indian Institute of Technology Kharagpur Swiss Federal Institute of Technology in Lausanne Laboratory of Thermomechanical Metallurgy (LMTM) Swiss Federal Institute of Technology in Lausanne Swiss Federal Institute of Technology in Lausanne Atomic Energy and Alternative Energies Commission",uploaded context text,False
